{
  "미국": [
    { "name": "Carson CA", "lat": 33.8314, "lng": -118.282 },
    { "name": "Compton CA", "lat": 33.8958, "lng": -118.2201 },
    { "name": "Dominguez Hills CA", "lat": 33.8645, "lng": -118.2568 },
    { "name": "Gardena CA", "lat": 33.8883, "lng": -118.3089 },
    { "name": "Rancho Dominguez CA", "lat": 33.8737, "lng": -118.2223 },
    { "name": "San Pedro CA", "lat": 33.7361, "lng": -118.2923 },
    { "name": "Artesia CA", "lat": 33.8658, "lng": -118.0831 },
    { "name": "Bell Garden CA", "lat": 33.9653, "lng": -118.1515 },
    { "name": "Bradbury CA", "lat": 34.1478, "lng": -117.9701 },
    { "name": "Brentwood CA", "lat": 37.9319, "lng": -121.6958 },
    { "name": "Bellflower CA", "lat": 33.8817, "lng": -118.117 },
    { "name": "Cerritos CA", "lat": 33.8583, "lng": -118.0648 },
    { "name": "City of Commerce CA", "lat": 34.0006, "lng": -118.156 },
    { "name": "Culver City CA", "lat": 34.0211, "lng": -118.3965 },
    { "name": "Cypress CA", "lat": 33.816, "lng": -118.0373 },
    { "name": "Downey CA", "lat": 33.9401, "lng": -118.1332 },
    { "name": "El Segundo CA", "lat": 33.9192, "lng": -118.4165 },
    { "name": "Florence CA", "lat": 33.974, "lng": -118.2441 },
    { "name": "Hancock Park CA", "lat": 34.0722, "lng": -118.3287 },
    { "name": "Harbor City CA", "lat": 33.7908, "lng": -118.2961 },
    { "name": "Hawaiian Garden CA", "lat": 33.8281, "lng": -118.0728 },
    { "name": "Hawthorne CA", "lat": 33.9164, "lng": -118.351 },
    { "name": "Highland Park CA", "lat": 34.1114, "lng": -118.1853 },
    { "name": "Huntington Park CA", "lat": 33.9817, "lng": -118.2251 },
    { "name": "Inglewood CA", "lat": 33.9617, "lng": -118.3531 },
    { "name": "Irwindale CA", "lat": 34.1068, "lng": -117.9353 },
    { "name": "Lakewood CA", "lat": 33.8536, "lng": -118.1339 },
    { "name": "Lawndale CA", "lat": 33.8872, "lng": -118.3526 },
    { "name": "Lomita CA", "lat": 33.7922, "lng": -118.3151 },
    { "name": "Long Beach CA", "lat": 33.7701, "lng": -118.1937 },
    { "name": "Lynwood CA", "lat": 33.9303, "lng": -118.2115 },
    { "name": "La Palma CA", "lat": 33.8492, "lng": -118.0467 },
    { "name": "Los Alamitos CA", "lat": 33.8031, "lng": -118.0728 },
    { "name": "Los Angeles CA", "lat": 34.0522, "lng": -118.2437 },
    { "name": "Montebello CA", "lat": 34.0165, "lng": -118.1138 },
    { "name": "Norwalk CA", "lat": 33.9022, "lng": -118.0817 },
    { "name": "Palos Verdes CA", "lat": 33.7878, "lng": -118.4037 },
    { "name": "Paramount CA", "lat": 33.8895, "lng": -118.1598 },
    { "name": "Park La Brea CA", "lat": 34.0721, "lng": -118.3554 },
    { "name": "Rancho Palos Verdes CA", "lat": 33.7445, "lng": -118.387 },
    { "name": "Redondo Beach CA", "lat": 33.8492, "lng": -118.3884 },
    { "name": "Rolling Hills Estate CA", "lat": 33.7874, "lng": -118.358 },
    { "name": "Santa Fe Springs CA", "lat": 33.9472, "lng": -118.0831 },
    { "name": "Seal Beach CA", "lat": 33.7414, "lng": -118.1048 },
    { "name": "South Gate CA", "lat": 33.9547, "lng": -118.212 },
    { "name": "Temple City CA", "lat": 34.1072, "lng": -118.0578 },
    { "name": "Torrance CA", "lat": 33.8358, "lng": -118.3406 },
    { "name": "Vernon CA", "lat": 34.0039, "lng": -118.23 },
    { "name": "Westwood CA", "lat": 34.0635, "lng": -118.4455 },
    { "name": "Wilmington CA", "lat": 33.7804, "lng": -118.2619 },
    { "name": "Alhambra CA", "lat": 34.0953, "lng": -118.127 },
    { "name": "Anaheim CA", "lat": 33.8366, "lng": -117.9143 },
    { "name": "Beverly Hills CA", "lat": 34.0736, "lng": -118.4004 },
    { "name": "Buena Park CA", "lat": 33.8675, "lng": -117.9981 },
    { "name": "Baldwin Park CA", "lat": 34.0853, "lng": -117.9609 },
    { "name": "City of Industry CA", "lat": 34.0115, "lng": -117.9495 },
    { "name": "Costa Mesa CA", "lat": 33.6411, "lng": -117.9187 },
    { "name": "Echo Park CA", "lat": 34.0782, "lng": -118.2606 },
    { "name": "Fountain Valley CA", "lat": 33.7092, "lng": -117.9537 },
    { "name": "Fullerton CA", "lat": 33.8704, "lng": -117.9243 },
    { "name": "Garden Grove CA", "lat": 33.7743, "lng": -117.937 },
    { "name": "Hermosa Beach CA", "lat": 33.8622, "lng": -118.3995 },
    { "name": "Hollywood CA", "lat": 34.098, "lng": -118.3295 },
    { "name": "Hollywood Hills CA", "lat": 34.1177, "lng": -118.352 },
    { "name": "Huntington Beach CA", "lat": 33.6603, "lng": -117.9992 },
    { "name": "La Habra CA", "lat": 33.9319, "lng": -117.9464 },
    { "name": "La Mirada CA", "lat": 33.9172, "lng": -118.012 },
    { "name": "La Puente CA", "lat": 34.02, "lng": -117.9495 },
    { "name": "Manhattan Beach CA", "lat": 33.8847, "lng": -118.4109 },
    { "name": "Marina del Rey CA", "lat": 33.9803, "lng": -118.4517 },
    { "name": "Monterey Park CA", "lat": 34.0625, "lng": -118.1228 },
    { "name": "North Hollywood CA", "lat": 34.187, "lng": -118.3813 },
    { "name": "Northwood CA", "lat": 33.7092, "lng": -117.7609 },
    { "name": "Orange CA", "lat": 33.7879, "lng": -117.8531 },
    { "name": "Pacific Palisades CA", "lat": 34.0356, "lng": -118.5156 },
    { "name": "Panorama City CA", "lat": 34.224, "lng": -118.442 },
    { "name": "Pico Rivera CA", "lat": 33.9831, "lng": -118.0967 },
    { "name": "Playa del Rey CA", "lat": 33.9603, "lng": -118.4426 },
    { "name": "Rosemead CA", "lat": 34.0806, "lng": -118.0728 },
    { "name": "San Dernando CA", "lat": 34.282, "lng": -118.438 },
    { "name": "San Gabriel CA", "lat": 34.0961, "lng": -118.1058 },
    { "name": "Santa Ana CA", "lat": 33.7455, "lng": -117.8677 },
    { "name": "Santa Monica CA", "lat": 34.0195, "lng": -118.4912 },
    { "name": "Sepulveda CA", "lat": 34.2496, "lng": -118.4674 },
    { "name": "South El Monte CA", "lat": 34.0512, "lng": -118.0467 },
    { "name": "Venice CA", "lat": 33.985, "lng": -118.4695 },
    { "name": "Westminster CA", "lat": 33.7513, "lng": -117.9931 },
    { "name": "Whittier CA", "lat": 33.9792, "lng": -118.0328 },
    { "name": "Altadena CA", "lat": 34.189, "lng": -118.1312 },
    { "name": "Arcadia CA", "lat": 34.1397, "lng": -118.0353 },
    { "name": "Aliso Viejo CA", "lat": 33.5769, "lng": -117.7256 },
    { "name": "Anaheim Hills CA", "lat": 33.8501, "lng": -117.7601 },
    { "name": "Brea CA", "lat": 33.9167, "lng": -117.9001 },
    { "name": "Burbank CA", "lat": 34.1808, "lng": -118.3089 },
    { "name": "Calabasas CA", "lat": 34.1367, "lng": -118.6615 },
    { "name": "Canoga Park CA", "lat": 34.2011, "lng": -118.5981 },
    { "name": "Chatsworth CA", "lat": 34.2506, "lng": -118.6148 },
    { "name": "Claremont CA", "lat": 34.0967, "lng": -117.7198 },
    { "name": "Covina CA", "lat": 34.09, "lng": -117.8903 },
    { "name": "Chino Hills CA", "lat": 33.989, "lng": -117.7326 },
    { "name": "Diamond Bar CA", "lat": 34.0286, "lng": -117.8103 },
    { "name": "Eagle Rock CA", "lat": 34.1392, "lng": -118.214 },
    { "name": "El Monte CA", "lat": 34.0686, "lng": -118.0276 },
    { "name": "El Toro CA", "lat": 33.676, "lng": -117.6679 },
    { "name": "Fairmont CA", "lat": 34.744, "lng": -118.5531 },
    { "name": "Glendale CA", "lat": 34.1425, "lng": -118.2551 },
    { "name": "Glendora CA", "lat": 34.1361, "lng": -117.8653 },
    { "name": "Granada Hills CA", "lat": 34.2794, "lng": -118.5004 },
    { "name": "Hacienda Heights CA", "lat": 33.9937, "lng": -117.968 },
    { "name": "Irvine CA", "lat": 33.6846, "lng": -117.8265 },
    { "name": "La Canada CA", "lat": 34.2068, "lng": -118.2 },
    { "name": "La Crescenta CA", "lat": 34.2328, "lng": -118.2479 },
    { "name": "La Verne CA", "lat": 34.1008, "lng": -117.7678 },
    { "name": "Laguna Beach CA", "lat": 33.5427, "lng": -117.7854 },
    { "name": "Laguna Hills CA", "lat": 33.6125, "lng": -117.7128 },
    { "name": "Laguna Niguel CA", "lat": 33.5225, "lng": -117.7076 },
    { "name": "Laguna Woods CA", "lat": 33.6103, "lng": -117.7291 },
    { "name": "Lake Forest CA", "lat": 33.6469, "lng": -117.6861 },
    { "name": "Malibu CA", "lat": 34.0259, "lng": -118.7798 },
    { "name": "Mission Hill CA", "lat": 34.2178, "lng": -118.4696 },
    { "name": "Monrovia CA", "lat": 34.1481, "lng": -117.9989 },
    { "name": "Montrose CA", "lat": 34.2061, "lng": -118.2256 },
    { "name": "Mission Viejo CA", "lat": 33.6, "lng": -117.671 },
    { "name": "Montclair CA", "lat": 34.0775, "lng": -117.6898 },
    { "name": "Northridge CA", "lat": 34.2381, "lng": -118.5301 },
    { "name": "Newport Beach CA", "lat": 33.6189, "lng": -117.9298 },
    { "name": "Newport Coast CA", "lat": 33.5725, "lng": -117.8292 },
    { "name": "Norco CA", "lat": 33.9311, "lng": -117.5487 },
    { "name": "Ontario CA", "lat": 34.0633, "lng": -117.6509 },
    { "name": "Pacoima CA", "lat": 34.264, "lng": -118.4195 },
    { "name": "Pasadena CA", "lat": 34.1478, "lng": -118.1445 },
    { "name": "Pomona CA", "lat": 34.0551, "lng": -117.749 },
    { "name": "Porter Ranch CA", "lat": 34.2822, "lng": -118.5576 },
    { "name": "Placentia CA", "lat": 33.872, "lng": -117.8703 },
    { "name": "Reseda CA", "lat": 34.2011, "lng": -118.5368 },
    { "name": "Rowland Heights CA", "lat": 33.9761, "lng": -117.9053 },
    { "name": "Riverside CA", "lat": 33.9806, "lng": -117.3755 },
    { "name": "San Dimas CA", "lat": 34.1067, "lng": -117.8067 },
    { "name": "San Marino CA", "lat": 34.1214, "lng": -118.1065 },
    { "name": "Sherman Oaks CA", "lat": 34.1481, "lng": -118.4514 },
    { "name": "Studio City CA", "lat": 34.1396, "lng": -118.3871 },
    { "name": "Sunland CA", "lat": 34.2614, "lng": -118.3085 },
    { "name": "Sun Valley CA", "lat": 34.2276, "lng": -118.3812 },
    { "name": "Tarzana CA", "lat": 34.1495, "lng": -118.5535 },
    { "name": "Topanga Canyon CA", "lat": 34.0911, "lng": -118.6021 },
    { "name": "Tujunga CA", "lat": 34.2545, "lng": -118.2915 },
    { "name": "Tustin CA", "lat": 33.7458, "lng": -117.8262 },
    { "name": "Upland CA", "lat": 34.0975, "lng": -117.6484 },
    { "name": "Van Nuys CA", "lat": 34.1899, "lng": -118.4514 },
    { "name": "West Hills CA", "lat": 34.1975, "lng": -118.6432 },
    { "name": "Walnut CA", "lat": 34.0203, "lng": -117.8653 },
    { "name": "West Covina CA", "lat": 34.0686, "lng": -117.9389 },
    { "name": "Wood Hills CA", "lat": 34.1847, "lng": -118.5731 },
    { "name": "Woodland Hills CA", "lat": 34.1683, "lng": -118.6059 },
    { "name": "Yorba Linda CA", "lat": 33.8886, "lng": -117.8136 },
    { "name": "Agoura Hills CA", "lat": 34.1533, "lng": -118.7617 },
    { "name": "Arrowhead Springs CA", "lat": 34.1797, "lng": -117.2661 },
    { "name": "Alta Loma CA", "lat": 34.1417, "lng": -117.5814 },
    { "name": "Corona CA", "lat": 33.8753, "lng": -117.5664 },
    { "name": "Dana Point CA", "lat": 33.4672, "lng": -117.6981 },
    { "name": "Fontana CA", "lat": 34.0922, "lng": -117.435 },
    { "name": "Hemet CA", "lat": 33.7475, "lng": -116.971 },
    { "name": "Lancaster CA", "lat": 34.6868, "lng": -118.1542 },
    { "name": "Ladera Ranch CA", "lat": 33.5703, "lng": -117.6351 },
    { "name": "Loma Linda CA", "lat": 34.0486, "lng": -117.261 },
    { "name": "Moorpark CA", "lat": 34.2856, "lng": -118.882 },
    { "name": "Moreno Valley CA", "lat": 33.9425, "lng": -117.2297 },
    { "name": "Murrieta CA", "lat": 33.5539, "lng": -117.2139 },
    { "name": "Oak View CA", "lat": 34.3975, "lng": -119.3001 },
    { "name": "Oxnard CA", "lat": 34.1975, "lng": -119.1771 },
    { "name": "Palmdale CA", "lat": 34.5794, "lng": -118.1165 },
    { "name": "Rancho Cucamonga CA", "lat": 34.1064, "lng": -117.5931 },
    { "name": "Redlands CA", "lat": 34.0556, "lng": -117.1825 },
    { "name": "Santa Clarita CA", "lat": 34.3917, "lng": -118.5426 },
    { "name": "Saugus CA", "lat": 34.4265, "lng": -118.5365 },
    { "name": "Simi Valley CA", "lat": 34.2694, "lng": -118.7815 },
    { "name": "Stevenson Ranch CA", "lat": 34.3931, "lng": -118.5804 },
    { "name": "Sylmar CA", "lat": 34.3058, "lng": -118.4572 },
    { "name": "Thousand Oaks CA", "lat": 34.1706, "lng": -118.8376 },
    { "name": "Temecula CA", "lat": 33.4936, "lng": -117.1484 },
    { "name": "Valencia CA", "lat": 34.4433, "lng": -118.5766 },
    { "name": "Ventura CA", "lat": 34.2746, "lng": -119.229 },
    { "name": "Westlake Village CA", "lat": 34.1458, "lng": -118.8059 },
    { "name": "San Diego CA", "lat": 32.7157, "lng": -117.1611 },
    { "name": "Chula Vista CA", "lat": 32.6401, "lng": -117.0841 },
    { "name": "El Centro CA", "lat": 32.792, "lng": -115.5634 },
    { "name": "Bakersfield CA", "lat": 35.3733, "lng": -119.0187 },
    { "name": "Santa Barbara CA", "lat": 34.4208, "lng": -119.6982 },
    { "name": "Fresno CA", "lat": 36.7378, "lng": -119.7871 },
    { "name": "San Jose CA", "lat": 37.3382, "lng": -121.8863 },
    { "name": "San Francisco CA", "lat": 37.7749, "lng": -122.4194 },
    { "name": "Sacramento CA", "lat": 38.5816, "lng": -121.4944 },
    { "name": "Las Vegas NV", "lat": 36.1699, "lng": -115.1398 },
    { "name": "Reno NV", "lat": 39.5296, "lng": -119.8138 },
    { "name": "Phoenix AZ", "lat": 33.4484, "lng": -112.074 },
    { "name": "Tucson AZ", "lat": 32.2226, "lng": -110.9747 },
    { "name": "Portland OR", "lat": 45.5152, "lng": -122.6784 },
    { "name": "La pine OR", "lat": 43.67917, "lng": -121.49583 },
    { "name": "Seattle WA", "lat": 47.6062, "lng": -122.3321 },
    { "name": "Yakima WA", "lat": 46.6021, "lng": -120.5059 },
    { "name": "Spokane WA", "lat": 47.6588, "lng": -117.426 },
    { "name": "Omaha NE", "lat": 41.2565, "lng": -95.9345 },
    { "name": "Lincoln NE", "lat": 40.8136, "lng": -96.7075 },
    { "name": "Salt Lake City UT", "lat": 40.7608, "lng": -111.891 },
    { "name": "Denver CO", "lat": 39.7392, "lng": -104.9903 },
    { "name": "Albuquerque NM", "lat": 35.0844, "lng": -106.6504 },
    { "name": "El Paso TX", "lat": 31.75917, "lng": -106.48861 },
    { "name": "Dallas TX", "lat": 32.776236, "lng": -96.796838 },
    { "name": "Houston TX", "lat": 29.7604, "lng": -95.3698 },
    { "name": "Austin TX", "lat": 30.266666, "lng": -97.73333 },
    { "name": "College Station TX", "lat": 30.601389, "lng": -96.314445 },
    { "name": "San Antonio TX", "lat": 29.4241, "lng": -98.4936 },
    { "name": "Corpus Christi TX", "lat": 27.8006, "lng": -97.3964 },
    { "name": "Mission TX", "lat": 26.2159, "lng": -98.3253 },
    { "name": "Oklahoma City OK", "lat": 35.4676, "lng": -97.5164 },
    { "name": "Kansas City KS", "lat": 39.1142, "lng": -94.6275 },
    { "name": "New Orleans LA", "lat": 29.96667, "lng": -90.05 },
    { "name": "Baton Rouge LA", "lat": 30.4515, "lng": -91.1871 },
    { "name": "Chicago IL", "lat": 41.8781, "lng": -87.6298 },
    { "name": "Champaign IL", "lat": 40.116421, "lng": -88.243385 },
    { "name": "Louisville KY", "lat": 38.2527, "lng": -85.7585 },
    { "name": "Lexington KY", "lat": 38.0406, "lng": -84.5037 },
    { "name": "St. Louis MO", "lat": 38.627, "lng": -90.1994 },
    { "name": "Columbia MO", "lat": 39.9511, "lng": -92.3341 },
    { "name": "Lafayette IN", "lat": 40.4138, "lng": -86.8753 },
    { "name": "Indianapolis IN", "lat": 39.7684, "lng": -86.158 },
    { "name": "Bloomington IN", "lat": 39.1653, "lng": -86.5264 },
    { "name": "Cincinnati OH", "lat": 39.1031, "lng": -84.512 },
    { "name": "Lafayette OH", "lat": 40.75889, "lng": -83.95 },
    { "name": "Columbus OH", "lat": 39.9612, "lng": -82.9988 },
    { "name": "Dayton OH", "lat": 39.758949, "lng": -84.191605 },
    { "name": "Cleveland OH", "lat": 41.505493, "lng": -81.68129 },
    { "name": "Akron OH", "lat": 41.081445, "lng": -81.519005 },
    { "name": "Troy MI", "lat": 42.6064, "lng": -83.1496 },
    { "name": "Detroit MI", "lat": 42.3314, "lng": -83.0458 },
    { "name": "Ann Arbor MI", "lat": 42.2808, "lng": -83.743 },
    { "name": "Kalamazoo MI", "lat": 42.299152, "lng": -85.591736 },
    { "name": "Lansing MI", "lat": 42.732536, "lng": -84.555534 },
    { "name": "Holland MI", "lat": 42.7875235, "lng": -86.1089301 },
    { "name": "Midland MI", "lat": 43.618183, "lng": -84.234238 },
    { "name": "Des Moines IA", "lat": 41.5868, "lng": -93.625 },
    { "name": "Iowa City IA", "lat": 41.6611, "lng": -91.5302 },
    { "name": "Milwaukee WI", "lat": 43.0389, "lng": -87.9065 },
    { "name": "Madison WI", "lat": 43.0731, "lng": -89.4012 },
    { "name": "St. Paul MN", "lat": 44.9537, "lng": -93.09 },
    { "name": "Minneapolis MN", "lat": 44.9778, "lng": -93.265 },
    { "name": "Rochester MN", "lat": 44.012122, "lng": -92.480198 },
    { "name": "Atlanta GA", "lat": 33.749, "lng": -84.388 },
    { "name": "LaGrange GA", "lat": 33.0362, "lng": -85.0319 },
    { "name": "Augusta GA", "lat": 33.4735, "lng": -82.0105 },
    { "name": "Cartersville GA", "lat": 34.16608, "lng": -84.800613 },
    { "name": "Newnan GA", "lat": 33.3807, "lng": -84.7997 },
    { "name": "Savannah GA", "lat": 32.0835, "lng": -81.0998 },
    { "name": "Montgomery AL", "lat": 32.3792, "lng": -86.3077 },
    { "name": "Auburn AL", "lat": 32.59778, "lng": -85.48083 },
    { "name": "Birmingham AL", "lat": 33.5186, "lng": -86.8104 },
    { "name": "Huntsville AL", "lat": 34.7304, "lng": -86.5861 },
    { "name": "Mobile AL", "lat": 30.6954, "lng": -88.1399 },
    { "name": "Nashville TN", "lat": 36.174465, "lng": -86.76796 },
    { "name": "Knoxville TN", "lat": 35.964668, "lng": -83.926453 },
    { "name": "Memphis TN", "lat": 35.1175, "lng": -89.971107 },
    { "name": "Clarksville TN", "lat": 36.5298, "lng": -87.3595 },
    { "name": "Jackson MS", "lat": 32.2988, "lng": -90.1848 },
    { "name": "Biloxi MS", "lat": 30.3953972, "lng": -88.8869194 },
    { "name": "Little Rock AR", "lat": 34.7465, "lng": -92.2896 },
    { "name": "Columbia SC", "lat": 34.0004, "lng": -81.0348 },
    { "name": "Charleston SC", "lat": 32.77675, "lng": -79.9308 },
    { "name": "Greenville SC", "lat": 34.8526, "lng": -82.394 },
    { "name": "Charlotte NC", "lat": 35.2271, "lng": -80.8431 },
    { "name": "Greensboro NC", "lat": 36.044659, "lng": -79.766235 },
    { "name": "Raleigh NC", "lat": 35.7796, "lng": -78.6382 },
    { "name": "Durham NC", "lat": 35.994, "lng": -78.8986 },
    { "name": "Fayetteville NC", "lat": 35.0527, "lng": -78.8784 },
    { "name": "Wilmington NC", "lat": 34.23722, "lng": -77.94667 },
    { "name": "Fairfax VA", "lat": 38.8462, "lng": -77.3064 },
    { "name": "Alexandria VA", "lat": 38.8048, "lng": -77.0469 },
    { "name": "Annandale VA", "lat": 38.8304, "lng": -77.1964 },
    { "name": "Arlington VA", "lat": 38.8816, "lng": -77.091 },
    { "name": "Centreville VA", "lat": 38.8404, "lng": -77.4289 },
    { "name": "Leesburg VA", "lat": 39.1157, "lng": -77.5636 },
    { "name": "McLean VA", "lat": 38.9339, "lng": -77.1773 },
    { "name": "Springfield VA", "lat": 38.7893, "lng": -77.1872 },
    { "name": "Vienna VA", "lat": 38.9012, "lng": -77.2653 },
    { "name": "Manassas VA", "lat": 38.7509, "lng": -77.475 },
    { "name": "Callao VA", "lat": 37.9637, "lng": -76.5616 },
    { "name": "Alberta VA", "lat": 36.8515, "lng": -77.8883 },
    { "name": "Amherst VA", "lat": 37.5854, "lng": -79.0517 },
    { "name": "Bowling Green VA", "lat": 38.0498, "lng": -77.3464 },
    { "name": "Charlottesville VA", "lat": 38.0293, "lng": -78.4767 },
    { "name": "Fredericksburg VA", "lat": 38.3032, "lng": -77.4605 },
    { "name": "Hanover VA", "lat": 37.7674, "lng": -77.3703 },
    { "name": "Harrisonburg VA", "lat": 38.4496, "lng": -78.8689 },
    { "name": "La Crosse VA", "lat": 36.6963, "lng": -78.0925 },
    { "name": "Lawrenceville VA", "lat": 36.7579, "lng": -77.8469 },
    { "name": "Lynchburg VA", "lat": 37.4138, "lng": -79.1423 },
    { "name": "Norfolk VA", "lat": 36.8508, "lng": -76.2859 },
    { "name": "Petersburg VA", "lat": 37.2279, "lng": -77.4019 },
    { "name": "Portsmouth VA", "lat": 36.8354, "lng": -76.2983 },
    { "name": "Richmond VA", "lat": 37.5407, "lng": -77.436 },
    { "name": "Rockville VA", "lat": 37.7154, "lng": -77.6517 },
    { "name": "Stafford VA", "lat": 38.4221, "lng": -77.4083 },
    { "name": "Victoria VA", "lat": 36.9982, "lng": -78.2244 },
    { "name": "Virginia Beach VA", "lat": 36.8529, "lng": -75.978 },
    { "name": "Austinville VA", "lat": 36.8382, "lng": -80.857 },
    { "name": "Blackridge VA", "lat": 36.7029, "lng": -78.0933 },
    { "name": "Bristol VA", "lat": 36.5951, "lng": -82.1887 },
    { "name": "Martinsville VA", "lat": 36.6915, "lng": -79.8725 },
    { "name": "Cliffside Park NJ", "lat": 40.821, "lng": -73.9879 },
    { "name": "Closter NJ", "lat": 40.9732, "lng": -73.9615 },
    { "name": "Cranford NJ", "lat": 40.6584, "lng": -74.2999 },
    { "name": "Dover NJ", "lat": 40.8834, "lng": -74.5621 },
    { "name": "Edgewater NJ", "lat": 40.827, "lng": -73.9754 },
    { "name": "Elizabeth NJ", "lat": 40.6639, "lng": -74.2107 },
    { "name": "Englewood NJ", "lat": 40.8929, "lng": -73.9726 },
    { "name": "Fort Lee NJ", "lat": 40.8509, "lng": -73.9701 },
    { "name": "Hackensack NJ", "lat": 40.8859, "lng": -74.0435 },
    { "name": "Jersey City NJ", "lat": 40.7178, "lng": -74.0431 },
    { "name": "Kearny NJ", "lat": 40.7684, "lng": -74.1454 },
    { "name": "Linden NJ", "lat": 40.622, "lng": -74.2446 },
    { "name": "Livingston NJ", "lat": 40.7854, "lng": -74.3299 },
    { "name": "Lyndhurst NJ", "lat": 40.8123, "lng": -74.1242 },
    { "name": "Madison NJ", "lat": 40.7598, "lng": -74.4171 },
    { "name": "Newark NJ", "lat": 40.7357, "lng": -74.1724 },
    { "name": "Orange NJ", "lat": 40.7707, "lng": -74.2327 },
    { "name": "Palisades Park NJ", "lat": 40.8487, "lng": -73.9976 },
    { "name": "Paramus NJ", "lat": 40.9445, "lng": -74.0754 },
    { "name": "Paterson NJ", "lat": 40.9168, "lng": -74.1718 },
    { "name": "Plainfield NJ", "lat": 40.6337, "lng": -74.4074 },
    { "name": "Ridgefield NJ", "lat": 40.8343, "lng": -74.0082 },
    { "name": "Ridgewood NJ", "lat": 40.9793, "lng": -74.1165 },
    { "name": "Secaucus NJ", "lat": 40.7895, "lng": -74.0565 },
    { "name": "Tenafly NJ", "lat": 40.9234, "lng": -73.9626 },
    { "name": "Wayne NJ", "lat": 40.9489, "lng": -74.245 },
    { "name": "Bloomfield NJ", "lat": 40.8068, "lng": -74.1854 },
    { "name": "Clinton NJ", "lat": 40.6368, "lng": -74.9099 },
    { "name": "Cranbury NJ", "lat": 40.3134, "lng": -74.5202 },
    { "name": "Keyport NJ", "lat": 40.4332, "lng": -74.1996 },
    { "name": "Morristown NJ", "lat": 40.7968, "lng": -74.4815 },
    { "name": "New Brunswick NJ", "lat": 40.4862, "lng": -74.4518 },
    { "name": "Succasunna NJ", "lat": 40.851, "lng": -74.6582 },
    { "name": "Trenton NJ", "lat": 40.2203, "lng": -74.7658 },
    { "name": "Asbury Park NJ", "lat": 40.2204, "lng": -74.0121 },
    { "name": "Atlantic City NJ", "lat": 39.3643, "lng": -74.4229 },
    { "name": "Lakewood NJ", "lat": 40.0771, "lng": -74.1985 },
    { "name": "Lawrenceville NJ", "lat": 40.3016, "lng": -74.7361 },
    { "name": "Point Pleasant NJ", "lat": 40.0832, "lng": -74.0682 },
    { "name": "Princeton NJ", "lat": 40.3487, "lng": -74.659 },
    { "name": "Camden NJ", "lat": 39.9259, "lng": -75.1196 },
    { "name": "Waterford NJ", "lat": 39.7246, "lng": -74.8689 },
    { "name": "Vineland NJ", "lat": 39.4864, "lng": -75.0255 },
    { "name": "New York NY", "lat": 40.7128, "lng": -74.006 },
    { "name": "Albertson NY", "lat": 40.7707, "lng": -73.6487 },
    { "name": "Bayside NY", "lat": 40.7586, "lng": -73.7654 },
    { "name": "Dobbs Ferry NY", "lat": 41.0143, "lng": -73.8727 },
    { "name": "Elmont NY", "lat": 40.7009, "lng": -73.7129 },
    { "name": "Floral Park NY", "lat": 40.7239, "lng": -73.7058 },
    { "name": "Franklin Sq. NY", "lat": 40.7073, "lng": -73.676 },
    { "name": "Garden City NY", "lat": 40.7268, "lng": -73.6343 },
    { "name": "Great Neck NY", "lat": 40.8045, "lng": -73.7409 },
    { "name": "Harrison NY", "lat": 40.969, "lng": -73.7126 },
    { "name": "Oceanside NY", "lat": 40.6352, "lng": -73.6358 },
    { "name": "Plainview NY", "lat": 40.7765, "lng": -73.4674 },
    { "name": "Port Washington NY", "lat": 40.8275, "lng": -73.6997 },
    { "name": "Staten Island NY", "lat": 40.579, "lng": -74.1515 },
    { "name": "Tarrytown NY", "lat": 41.0762, "lng": -73.8585 },
    { "name": "White Plains NY", "lat": 41.033, "lng": -73.7629 },
    { "name": "Yonkers NY", "lat": 40.9312, "lng": -73.8988 },
    { "name": "Tappan NY", "lat": 41.022, "lng": -73.9451 },
    { "name": "Bedford NY", "lat": 41.2043, "lng": -73.6437 },
    { "name": "Bronx NY", "lat": 40.8448, "lng": -73.8648 },
    { "name": "Brooklyn NY", "lat": 40.6782, "lng": -73.9442 },
    { "name": "Douglaston NY", "lat": 40.7687, "lng": -73.741 },
    { "name": "Flushing NY", "lat": 40.7654, "lng": -73.8174 },
    { "name": "Fresh Meadows NY", "lat": 40.7387, "lng": -73.7934 },
    { "name": "Jamaica NY", "lat": 40.7027, "lng": -73.789 },
    { "name": "Oyster Bay NY", "lat": 40.8654, "lng": -73.5321 },
    { "name": "Queens NY", "lat": 40.7282, "lng": -73.7949 },
    { "name": "Bay Shore NY", "lat": 40.7251, "lng": -73.2454 },
    { "name": "Brentwood NY", "lat": 40.7812, "lng": -73.2462 },
    { "name": "Lindenhurst NY", "lat": 40.6868, "lng": -73.3735 },
    { "name": "Long Island City NY", "lat": 40.744, "lng": -73.9488 },
    { "name": "Manhattan NY", "lat": 40.7831, "lng": -73.9712 },
    { "name": "Brookhaven NY", "lat": 40.7793, "lng": -72.915 },
    { "name": "Centereach NY", "lat": 40.8584, "lng": -73.0801 },
    { "name": "Deer Park NY", "lat": 40.7618, "lng": -73.3296 },
    { "name": "Hauppauge NY", "lat": 40.8257, "lng": -73.2021 },
    { "name": "Huntington NY", "lat": 40.8682, "lng": -73.4257 },
    { "name": "Stony Brook NY", "lat": 40.9254, "lng": -73.14 },
    { "name": "Carmel NY", "lat": 41.4301, "lng": -73.6801 },
    { "name": "Middletown NY", "lat": 41.4459, "lng": -74.4229 },
    { "name": "Port Jefferson NY", "lat": 40.9465, "lng": -73.069 },
    { "name": "Poughkeepsie NY", "lat": 41.7004, "lng": -73.921 },
    { "name": "Kingston NY", "lat": 41.927, "lng": -73.9974 },
    { "name": "Fishers Island NY", "lat": 41.2648, "lng": -71.9837 },
    { "name": "Albany NY", "lat": 42.6526, "lng": -73.7562 },
    { "name": "Auburn NY", "lat": 42.9317, "lng": -76.5661 },
    { "name": "Binghamton NY", "lat": 42.0987, "lng": -75.918 },
    { "name": "Elmira NY", "lat": 42.0898, "lng": -76.8077 },
    { "name": "Ithaca NY", "lat": 42.4439, "lng": -76.5019 },
    { "name": "Little Falls NY", "lat": 43.0434, "lng": -74.8599 },
    { "name": "Syracuse NY", "lat": 43.0481, "lng": -76.1474 },
    { "name": "Troy NY", "lat": 42.7284, "lng": -73.6918 },
    { "name": "Utica NY", "lat": 43.1009, "lng": -75.2327 },
    { "name": "Glens Falls NY", "lat": 43.3095, "lng": -73.644 },
    { "name": "Belmont NY", "lat": 42.2284, "lng": -78.0342 },
    { "name": "Rome NY", "lat": 43.2128, "lng": -75.4557 },
    { "name": "Rochester NY", "lat": 43.1566, "lng": -77.6088 },
    { "name": "Salamanca NY", "lat": 42.1579, "lng": -78.7159 },
    { "name": "Watertown NY", "lat": 43.9748, "lng": -75.9108 },
    { "name": "Brighton NY", "lat": 43.1168, "lng": -77.567 },
    { "name": "Buffalo NY", "lat": 42.8864, "lng": -78.8784 },
    { "name": "Lancaster NY", "lat": 42.9001, "lng": -78.6706 },
    { "name": "Lockport NY", "lat": 43.1706, "lng": -78.6903 },
    { "name": "Niagara Falls NY", "lat": 43.0962, "lng": -79.0377 },
    { "name": "Tonawanda NY", "lat": 42.985, "lng": -78.8789 },
    { "name": "Hartford CT", "lat": 41.7637, "lng": -72.6851 },
    { "name": "Greenwich CT", "lat": 41.0262, "lng": -73.6282 },
    { "name": "Stamford CT", "lat": 41.0534, "lng": -73.5387 },
    { "name": "Bristol CT", "lat": 41.6718, "lng": -72.9493 },
    { "name": "Bridgeport CT", "lat": 41.1792, "lng": -73.1894 },
    { "name": "Danbury CT", "lat": 41.3948, "lng": -73.454 },
    { "name": "New Haven CT", "lat": 41.3083, "lng": -72.9279 },
    { "name": "Norwalk CT", "lat": 41.1176, "lng": -73.4082 },
    { "name": "Waterbury CT", "lat": 41.5582, "lng": -73.0515 },
    { "name": "Manchester CT", "lat": 41.7759, "lng": -72.5215 },
    { "name": "New Britain CT", "lat": 41.6612, "lng": -72.7795 },
    { "name": "New London CT", "lat": 41.3557, "lng": -72.0995 },
    { "name": "West Hartford CT", "lat": 41.7621, "lng": -72.742 },
    { "name": "Windsor CT", "lat": 41.8526, "lng": -72.6438 },
    { "name": "Norwich CT", "lat": 41.5243, "lng": -72.0759 },
    { "name": "Washington DC", "lat": 38.89528, "lng": -77.01778 },
    { "name": "Newark DE", "lat": 39.683723, "lng": -75.749657 },
    { "name": "Millsboro DE", "lat": 38.5888, "lng": -75.2913 },
    { "name": "Springfield MA", "lat": 42.1015, "lng": -72.5898 },
    { "name": "Amherst MA", "lat": 42.3732, "lng": -72.5199 },
    { "name": "Northampton MA", "lat": 42.3251, "lng": -72.6412 },
    { "name": "Fall River MA", "lat": 41.7015, "lng": -71.155 },
    { "name": "Leominster MA", "lat": 42.5251, "lng": -71.7598 },
    { "name": "Taunton MA", "lat": 41.9001, "lng": -71.0898 },
    { "name": "Worcester MA", "lat": 42.2626, "lng": -71.8023 },
    { "name": "Arlington MA", "lat": 42.4154, "lng": -71.1565 },
    { "name": "Boston MA", "lat": 42.3601, "lng": -71.0589 },
    { "name": "Brockton MA", "lat": 42.0834, "lng": -71.0184 },
    { "name": "Cambridge MA", "lat": 42.3736, "lng": -71.1097 },
    { "name": "Everett MA", "lat": 42.4084, "lng": -71.0537 },
    { "name": "Lexington MA", "lat": 42.4473, "lng": -71.2245 },
    { "name": "Lowell MA", "lat": 42.6334, "lng": -71.3162 },
    { "name": "Lynn MA", "lat": 42.4668, "lng": -70.9495 },
    { "name": "Medford MA", "lat": 42.4184, "lng": -71.1062 },
    { "name": "New Bedford MA", "lat": 41.6362, "lng": -70.9342 },
    { "name": "Newton MA", "lat": 42.337, "lng": -71.2092 },
    { "name": "Lawrence MA", "lat": 42.707, "lng": -71.1631 },
    { "name": "Quincy MA", "lat": 42.2529, "lng": -71.0023 },
    { "name": "Salem MA", "lat": 42.5195, "lng": -70.8967 },
    { "name": "Edgewood MD", "lat": 39.4187, "lng": -76.2944 },
    { "name": "Baltimore MD", "lat": 39.2904, "lng": -76.6122 },
    { "name": "Ellicott City MD", "lat": 39.2673, "lng": -76.7983 },
    { "name": "Annapolis MD", "lat": 38.9784, "lng": -76.4922 },
    { "name": "College Park MD", "lat": 38.9807, "lng": -76.9369 },
    { "name": "Columbia MD", "lat": 39.2037, "lng": -76.861 },
    { "name": "Silver Spring MD", "lat": 38.9907, "lng": -77.0261 },
    { "name": "Westminster MD", "lat": 39.5754, "lng": -76.9958 },
    { "name": "Berlin MD", "lat": 38.33, "lng": -75.2167 },
    { "name": "Frederick MD", "lat": 39.4333, "lng": -77.4167 },
    { "name": "Gaithersburg MD", "lat": 39.1439, "lng": -77.2016 },
    { "name": "Potomac MD", "lat": 39.0182, "lng": -77.2086 },
    { "name": "Rockville MD", "lat": 39.0839, "lng": -77.1528 },
    { "name": "Salisbury MD", "lat": 38.3607, "lng": -75.5994 },
    { "name": "Brunswick MD", "lat": 39.3143, "lng": -77.6275 },
    { "name": "Clarksburg MD", "lat": 39.2194, "lng": -77.2881 },
    { "name": "Lexington Park MD", "lat": 38.2668, "lng": -76.4538 },
    { "name": "Portland ME", "lat": 43.6591, "lng": -70.2568 },
    { "name": "Auburn ME", "lat": 44.0979, "lng": -70.2312 },
    { "name": "Keene NH", "lat": 42.9337, "lng": -72.2781 },
    { "name": "Claremont NH", "lat": 43.3706, "lng": -72.3376 },
    { "name": "Manchester NH", "lat": 42.9956, "lng": -71.4548 },
    { "name": "Nashua NH", "lat": 42.7654, "lng": -71.4676 },
    { "name": "Concord NH", "lat": 43.2081, "lng": -71.5376 },
    { "name": "Dover NH", "lat": 43.1979, "lng": -70.8744 },
    { "name": "Lebanon NH", "lat": 43.6423, "lng": -72.2518 },
    { "name": "Laconia NH", "lat": 43.5276, "lng": -71.4703 },
    { "name": "Rochester NH", "lat": 43.3045, "lng": -70.9756 },
    { "name": "Tallahassee FL", "lat": 30.4383, "lng": -84.2807 },
    { "name": "Pensacola FL", "lat": 30.4213, "lng": -87.2169 },
    { "name": "Gainesville FL", "lat": 29.6526, "lng": -82.3437 },
    { "name": "Tampa FL", "lat": 27.9506, "lng": -82.4572 },
    { "name": "Orlando FL", "lat": 28.60468, "lng": -81.20483 },
    { "name": "Miami FL", "lat": 25.761681, "lng": -80.191788 },
    { "name": "Jacksonville FL", "lat": 30.332184, "lng": -81.655647 },
    { "name": "Pittsburgh PA", "lat": 40.4406, "lng": -79.9959 },
    { "name": "Wilkinsburg PA", "lat": 40.4418, "lng": -79.8737 },
    { "name": "New Hope PA", "lat": 40.3643, "lng": -74.9513 },
    { "name": "Allentown PA", "lat": 40.6084, "lng": -75.4902 },
    { "name": "Bethlehem PA", "lat": 40.6259, "lng": -75.3705 },
    { "name": "Bristol PA", "lat": 40.1001, "lng": -74.8516 },
    { "name": "Churchville PA", "lat": 40.1957, "lng": -75.0127 },
    { "name": "Philadelphia PA", "lat": 39.9526, "lng": -75.1652 },
    { "name": "Warrington PA", "lat": 40.249, "lng": -75.1374 },
    { "name": "Norristown PA", "lat": 40.1215, "lng": -75.3399 },
    { "name": "Scranton PA", "lat": 41.4089, "lng": -75.6624 },
    { "name": "Bloomsburg PA", "lat": 41.0037, "lng": -76.4541 },
    { "name": "Pittston PA", "lat": 41.3256, "lng": -75.7897 },
    { "name": "Wilkes-Barre PA", "lat": 41.2459149, "lng": -75.8813075 },
    { "name": "Reading PA", "lat": 40.3356, "lng": -75.9269 },
    { "name": "Lancaster PA", "lat": 40.0379, "lng": -76.3055 },
    { "name": "Camp Hill PA", "lat": 40.2393, "lng": -76.9194 },
    { "name": "Harrisburg PA", "lat": 40.2732, "lng": -76.8867 },
    { "name": "York PA", "lat": 39.9626, "lng": -76.7277 },
    { "name": "Sunbury PA", "lat": 40.8615, "lng": -76.7897 },
    { "name": "Bellefonte PA", "lat": 40.9126, "lng": -77.7783 },
    { "name": "State College PA", "lat": 40.7934, "lng": -77.86 },
    { "name": "Altoona PA", "lat": 40.5187, "lng": -78.3947 },
    { "name": "Johnstown PA", "lat": 40.3267, "lng": -78.9219 },
    { "name": "Warren PA", "lat": 41.8437, "lng": -79.1456 },
    { "name": "Bedford PA", "lat": 40.0184, "lng": -78.5039 },
    { "name": "New Castle PA", "lat": 40.997, "lng": -80.347 },
    { "name": "Providence RI", "lat": 41.824, "lng": -71.4128 },
    { "name": "Morgantown WV", "lat": 39.6295, "lng": -79.9559 },
    { "name": "Burlington VT", "lat": 44.4759, "lng": -73.2121 },
    { "name": "South Burlington VT", "lat": 44.4664, "lng": -73.171 },
    { "name": "Essex VT", "lat": 44.4926, "lng": -73.101 }
  ],
  "브라질": [
    { "name": "Brasilia, Brazil", "lat": -15.8267, "lng": -47.9218 }
  ]
}
